web_scraper_order,web_scraper_start_url,titre,prix,kilometrage,boite_vitesses,region
"1787170499-1","https://www.gaaraas.com/fr/users/dakar-auto?page=13","2008 Dacia Logan","CFA 2 600 000","137 000 km","Manuelle","Dakar"
"1787170499-2","https://www.gaaraas.com/fr/users/dakar-auto?page=13","2007 Peugeot 307","CFA 2 100 000","175 598 km","Manuelle","Dakar"
"1787170499-3","https://www.gaaraas.com/fr/users/dakar-auto?page=13","2006 Toyota RAV4","CFA 3 500 000","140 000 km","Manuelle","Dakar"
"1787170499-4","https://www.gaaraas.com/fr/users/dakar-auto?page=13","2007 Fiat Stilo","CFA 2 700 000","160 000 km","Manuelle","Dakar"
"1787170499-5","https://www.gaaraas.com/fr/users/dakar-auto?page=13","2007 Audi S3","CFA 2 000 000","120 000 km","Manuelle","Dakar"
"1787170502-6","https://www.gaaraas.com/fr/users/dakar-auto?page=12","2000 Peugeot 205","CFA 1 400 000","160 000 km","Manuelle","Dakar"
"1787170502-7","https://www.gaaraas.com/fr/users/dakar-auto?page=12","2005 Peugeot 307","CFA 2 100 000","160 000 km","Manuelle","Dakar"
"1787170502-8","https://www.gaaraas.com/fr/users/dakar-auto?page=12","2013 Jeep Wrangler","CFA 20 000 000","100 000 km","Automatique","Dakar"
"1787170502-9","https://www.gaaraas.com/fr/users/dakar-auto?page=12","2004 Peugeot 406","CFA 2 700 000","120 000 km","Manuelle","Dakar"
"1787170502-10","https://www.gaaraas.com/fr/users/dakar-auto?page=12","1989 Renault 19","CFA 1 500 000","140 000 km","Manuelle","Dakar"
"1787170502-11","https://www.gaaraas.com/fr/users/dakar-auto?page=12","2010 Toyota RAV4","CFA 9 600 000","180 000 km","Automatique","Dakar"
"1787170502-12","https://www.gaaraas.com/fr/users/dakar-auto?page=12","2008 Peugeot 308","CFA 2 700 000","160 000 km","Manuelle","Dakar"
"1787170502-13","https://www.gaaraas.com/fr/users/dakar-auto?page=12","2005 Peugeot 405","CFA 1 900 000","120 000 km","Manuelle","Dakar"
"1787170502-14","https://www.gaaraas.com/fr/users/dakar-auto?page=12","2010 Peugeot 308","CFA 2 900 000","120 000 km","Manuelle","Dakar"
"1787170502-15","https://www.gaaraas.com/fr/users/dakar-auto?page=12","2006 Nissan 200SX","CFA 1 600 000","180 000 km","Manuelle","Dakar"
"1787170502-16","https://www.gaaraas.com/fr/users/dakar-auto?page=12","2011 Mitsubishi L200","CFA 6 000 000","120 000 km","Manuelle","Dakar"
"1787170502-17","https://www.gaaraas.com/fr/users/dakar-auto?page=12","2006 Citroen Berlingo","CFA 2 400 000","180 000 km","Manuelle","Dakar"
"1787170502-18","https://www.gaaraas.com/fr/users/dakar-auto?page=12","2004 Peugeot 305","CFA 1 600 000","128 000 km","Manuelle","Dakar"
"1787170502-19","https://www.gaaraas.com/fr/users/dakar-auto?page=12","2007 Renault Megane","CFA 2 700 000","180 000 km","Manuelle","Dakar"
"1787170502-20","https://www.gaaraas.com/fr/users/dakar-auto?page=12","2012 Ford Focus ST","CFA 3 300 000","140 000 km","Automatique","Dakar"
"1787170502-21","https://www.gaaraas.com/fr/users/dakar-auto?page=12","2014 Ford Escape","CFA 8 200 000","105 000 km","Manuelle","Dakar"
"1787170502-22","https://www.gaaraas.com/fr/users/dakar-auto?page=12","2006 Citroen Xsara","CFA 1 800 000","160 000 km","Manuelle","Dakar"
"1787170502-23","https://www.gaaraas.com/fr/users/dakar-auto?page=12","2012 Peugeot 308","CFA 3 900 000","160 000 km","Manuelle","Dakar"
"1787170502-24","https://www.gaaraas.com/fr/users/dakar-auto?page=12","2008 Citroen C4","CFA 2 100 000","90 925 km","Manuelle","Dakar"
"1787170502-25","https://www.gaaraas.com/fr/users/dakar-auto?page=12","2008 Renault Megane","CFA 1 850 000","120 000 km","Manuelle","Dakar"
"1787170505-26","https://www.gaaraas.com/fr/users/dakar-auto?page=11","2010 Nissan Rogue","CFA 8 500 000","84 500 km","Automatique","Dakar"
"1787170505-27","https://www.gaaraas.com/fr/users/dakar-auto?page=11","2005 Hyundai Santa Fe","CFA 3 500 000","300 000 km","Manuelle","Dakar"
"1787170505-28","https://www.gaaraas.com/fr/users/dakar-auto?page=11","2015 Ford Focus","CFA 5 800 000","29 000 km","Automatique","Dakar"
"1787170505-29","https://www.gaaraas.com/fr/users/dakar-auto?page=11","2010 Peugeot 807","CFA 4 800 000","160 000 km","Manuelle","Dakar"
"1787170505-30","https://www.gaaraas.com/fr/users/dakar-auto?page=11","2007 Peugeot 407","CFA 2 000 000","110 000 km","Manuelle","Dakar"
"1787170505-31","https://www.gaaraas.com/fr/users/dakar-auto?page=11","2000 Peugeot 205","CFA 1 500 000","160 000 km","Manuelle","Dakar"
"1787170505-32","https://www.gaaraas.com/fr/users/dakar-auto?page=11","2007 Toyota RAV4","CFA 4 000 000","145 000 km","Manuelle","Dakar"
"1787170505-33","https://www.gaaraas.com/fr/users/dakar-auto?page=11","2008 Peugeot 307","CFA 2 000 000","120 000 km","Manuelle","Dakar"
"1787170505-34","https://www.gaaraas.com/fr/users/dakar-auto?page=11","2006 Renault Scenic","CFA 2 200 000","140 000 km","Manuelle","Dakar"
"1787170505-35","https://www.gaaraas.com/fr/users/dakar-auto?page=11","2011 Nissan Teana","CFA 8 000 000","90 000 km","Manuelle","Dakar"
"1787170505-36","https://www.gaaraas.com/fr/users/dakar-auto?page=11","2010 Dacia Sandero","CFA 2 200 000","160 000 km","Manuelle","Dakar"
"1787170505-37","https://www.gaaraas.com/fr/users/dakar-auto?page=11","2008 Lada Niva","CFA 1 500 000","160 000 km","Manuelle","Dakar"
"1787170505-38","https://www.gaaraas.com/fr/users/dakar-auto?page=11","2009 Dacia Logan","CFA 2 800 000","500 000 km","Manuelle","Dakar"
"1787170505-39","https://www.gaaraas.com/fr/users/dakar-auto?page=11","2003 Peugeot 406","CFA 2 400 000","160 000 km","Manuelle","Dakar"
"1787170505-40","https://www.gaaraas.com/fr/users/dakar-auto?page=11","2015 Jeep Patriot","CFA 9 500 000","51 200 km","Automatique","Dakar"
"1787170505-41","https://www.gaaraas.com/fr/users/dakar-auto?page=11","2008 Renault Scenic","CFA 2 200 000","16 000 km","Manuelle","Dakar"
"1787170505-42","https://www.gaaraas.com/fr/users/dakar-auto?page=11","2011 Ford Escape","CFA 5 800 000","0 km","Automatique","Dakar"
"1787170505-43","https://www.gaaraas.com/fr/users/dakar-auto?page=11","2007 Toyota RAV4","CFA 5 200 000","120 000 km","Manuelle","Dakar"
"1787170505-44","https://www.gaaraas.com/fr/users/dakar-auto?page=11","2006 Hyundai Tucson","CFA 4 000 000","298 000 km","Manuelle","Dakar"
"1787170505-45","https://www.gaaraas.com/fr/users/dakar-auto?page=11","2007 Citroen C3","CFA 2 400 000","180 000 km","Manuelle","Dakar"
"1787170508-46","https://www.gaaraas.com/fr/users/dakar-auto?page=10","2009 Peugeot 308","CFA 2 600 000","120 000 km","Manuelle","Dakar"
"1787170508-47","https://www.gaaraas.com/fr/users/dakar-auto?page=10","2008 Toyota Avensis","CFA 2 500 000","160 000 km","Manuelle","Dakar"
"1787170508-48","https://www.gaaraas.com/fr/users/dakar-auto?page=10","2007 Toyota Corolla","CFA 4 300 000","235 000 km","Manuelle","Dakar"
"1787170508-49","https://www.gaaraas.com/fr/users/dakar-auto?page=10","2005 Volkswagen Golf","CFA 2 200 000","180 000 km","Manuelle","Dakar"
"1787170508-50","https://www.gaaraas.com/fr/users/dakar-auto?page=10","2002 Renault 21","CFA 2 200 000","160 000 km","Manuelle","Dakar"
"1787170508-51","https://www.gaaraas.com/fr/users/dakar-auto?page=10","2006 Toyota Avensis","CFA 1 600 000","186 000 km","Manuelle","Dakar"
"1787170508-52","https://www.gaaraas.com/fr/users/dakar-auto?page=10","2007 Toyota Verso","CFA 2 500 000","313 000 km","Manuelle","Dakar"
"1787170508-53","https://www.gaaraas.com/fr/users/dakar-auto?page=10","2007 Renault Safrane","CFA 2 200 000","160 000 km","Manuelle","Dakar"
"1787170508-54","https://www.gaaraas.com/fr/users/dakar-auto?page=10","2008 Renault Scenic","CFA 2 000 000","130 000 km","Manuelle","Dakar"
"1787170508-55","https://www.gaaraas.com/fr/users/dakar-auto?page=10","2008 Chery A113","CFA 1 700 000","79 000 km","Manuelle","Dakar"
"1787170508-56","https://www.gaaraas.com/fr/users/dakar-auto?page=10","2007 Renault Clio","CFA 1 750 000","120 000 km","Manuelle","Dakar"
"1787170508-57","https://www.gaaraas.com/fr/users/dakar-auto?page=10","2009 Renault Megane","CFA 3 300 000","233 200 km","Manuelle","Dakar"
"1787170508-58","https://www.gaaraas.com/fr/users/dakar-auto?page=10","2012 Peugeot 508","CFA 4 700 000","102 220 km","Manuelle","Dakar"
"1787170508-59","https://www.gaaraas.com/fr/users/dakar-auto?page=10","2007 Citroen C4","CFA 2 200 000","160 000 km","Manuelle","Dakar"
"1787170508-60","https://www.gaaraas.com/fr/users/dakar-auto?page=10","2008 Peugeot 308","CFA 2 800 000","160 000 km","Manuelle","Dakar"
"1787170508-61","https://www.gaaraas.com/fr/users/dakar-auto?page=10","2007 Toyota Yaris","CFA 2 700 000","180 000 km","Manuelle","Dakar"
"1787170508-62","https://www.gaaraas.com/fr/users/dakar-auto?page=10","2011 Nissan Juke","CFA 5 500 000","157 000 km","Manuelle","Dakar"
"1787170508-63","https://www.gaaraas.com/fr/users/dakar-auto?page=10","2007 Ford Focus","CFA 2 700 000","100 000 km","Automatique","Dakar"
"1787170508-64","https://www.gaaraas.com/fr/users/dakar-auto?page=10","2010 Toyota Corolla","CFA 3 200 000","90 000 km","Manuelle","Dakar"
"1787170508-65","https://www.gaaraas.com/fr/users/dakar-auto?page=10","2007 Mercedes‒Benz 190","CFA 2 900 000","160 000 km","Automatique","Dakar"
"1787170511-66","https://www.gaaraas.com/fr/users/dakar-auto?page=9","2007 Hyundai Accent","CFA 1 700 000","","Manuelle","Dakar"
"1787170511-67","https://www.gaaraas.com/fr/users/dakar-auto?page=9","2008 Dacia Logan","CFA 3 000 000","160 000 km","Manuelle","Dakar"
"1787170511-68","https://www.gaaraas.com/fr/users/dakar-auto?page=9","2007 Renault Laguna","CFA 1 400 000","180 000 km","Manuelle","Dakar"
"1787170511-69","https://www.gaaraas.com/fr/users/dakar-auto?page=9","2011 Peugeot 3008","CFA 6 500 000","","Manuelle","Dakar"
"1787170511-70","https://www.gaaraas.com/fr/users/dakar-auto?page=9","2008 Peugeot 307","CFA 2 200 000","160 000 km","Manuelle","Dakar"
"1787170511-71","https://www.gaaraas.com/fr/users/dakar-auto?page=9","2008 Citroen C3","CFA 2 000 000","200 000 km","Manuelle","Dakar"
"1787170511-72","https://www.gaaraas.com/fr/users/dakar-auto?page=9","2010 Citroen C4","CFA 2 200 000","289 983 km","Manuelle","Dakar"
"1787170511-73","https://www.gaaraas.com/fr/users/dakar-auto?page=9","2009 Opel Astra","CFA 1 500 000","160 000 km","Manuelle","Dakar"
"1787170511-74","https://www.gaaraas.com/fr/users/dakar-auto?page=9","2000 Renault 17","CFA 6 000 000","160 000 km","Manuelle","Dakar"
"1787170511-75","https://www.gaaraas.com/fr/users/dakar-auto?page=9","2008 Mazda 2","CFA 1 100 000","140 000 km","Manuelle","Dakar"
"1787170511-76","https://www.gaaraas.com/fr/users/dakar-auto?page=9","2007 Peugeot 307","CFA 2 200 000","160 000 km","Manuelle","Dakar"
"1787170511-77","https://www.gaaraas.com/fr/users/dakar-auto?page=9","2006 Hyundai Sonata","CFA 2 000 000","140 000 km","Automatique","Dakar"
"1787170511-78","https://www.gaaraas.com/fr/users/dakar-auto?page=9","2006 Peugeot 406","CFA 2 500 000","160 000 km","Manuelle","Dakar"
"1787170511-79","https://www.gaaraas.com/fr/users/dakar-auto?page=9","2010 Hyundai Tucson","CFA 4 200 000","79 044 km","Manuelle","Dakar"
"1787170511-80","https://www.gaaraas.com/fr/users/dakar-auto?page=9","1989 Mercedes‒Benz 190","CFA 1 900 000","160 000 km","Manuelle","Dakar"
"1787170511-81","https://www.gaaraas.com/fr/users/dakar-auto?page=9","2009 Chrysler Sebring","CFA 2 000 000","99 000 km","Automatique","Dakar"
"1787170511-82","https://www.gaaraas.com/fr/users/dakar-auto?page=9","2010 Toyota Camry","CFA 4 500 000","110 000 km","Automatique","Dakar"
"1787170511-83","https://www.gaaraas.com/fr/users/dakar-auto?page=9","2010 Skoda Octavia","CFA 2 600 000","160 000 km","Manuelle","Dakar"
"1787170511-84","https://www.gaaraas.com/fr/users/dakar-auto?page=9","2013 Hyundai Sonata","CFA 5 200 000","92 000 km","Automatique","Dahra"
"1787170511-85","https://www.gaaraas.com/fr/users/dakar-auto?page=9","2010 Toyota Corolla","CFA 3 500 000","88 997 km","Manuelle","Dakar"
"1787170513-86","https://www.gaaraas.com/fr/users/dakar-auto?page=8","2007 Peugeot 307","CFA 2 300 000","137 000 km","Manuelle","Dakar"
"1787170513-87","https://www.gaaraas.com/fr/users/dakar-auto?page=8","2009 Peugeot 206","CFA 2 000 000","130 000 km","Manuelle","Dakar"
"1787170513-88","https://www.gaaraas.com/fr/users/dakar-auto?page=8","2004 Renault Laguna","CFA 2 000 000","160 000 km","Manuelle","Dakar"
"1787170513-89","https://www.gaaraas.com/fr/users/dakar-auto?page=8","2004 Mercedes‒Benz 250","CFA 1 900 000","160 000 km","Manuelle","Dakar"
"1787170513-90","https://www.gaaraas.com/fr/users/dakar-auto?page=8","2013 Nissan Qashqai+2","CFA 6 500 000","101 000 km","Manuelle","Dakar"
"1787170513-91","https://www.gaaraas.com/fr/users/dakar-auto?page=8","2011 Ford Escape","CFA 4 300 000","130 000 km","Automatique","Dakar"
"1787170513-92","https://www.gaaraas.com/fr/users/dakar-auto?page=8","2007 Peugeot 307","CFA 2 100 000","90 000 km","Manuelle","Dakar"
"1787170513-93","https://www.gaaraas.com/fr/users/dakar-auto?page=8","2013 Hyundai Elantra","CFA 5 800 000","21 000 km","Automatique","Dakar"
"1787170513-94","https://www.gaaraas.com/fr/users/dakar-auto?page=8","2012 Mitsubishi Endeavor","CFA 4 300 000","100 000 km","Automatique","Dakar"
"1787170513-95","https://www.gaaraas.com/fr/users/dakar-auto?page=8","2011 Peugeot 508","CFA 5 500 000","179 000 km","Automatique","Dakar"
"1787170513-96","https://www.gaaraas.com/fr/users/dakar-auto?page=8","2006 Citroen C3","CFA 1 900 000","160 000 km","Manuelle","Dakar"
"1787170513-97","https://www.gaaraas.com/fr/users/dakar-auto?page=8","2007 Renault Scenic","CFA 1 950 000","160 000 km","Manuelle","Dakar"
"1787170513-98","https://www.gaaraas.com/fr/users/dakar-auto?page=8","2009 Citroen Nemo","CFA 2 400 000","160 000 km","Manuelle","Dakar"
"1787170513-99","https://www.gaaraas.com/fr/users/dakar-auto?page=8","2006 Peugeot 407","CFA 2 300 000","291 000 km","Manuelle","Dakar"
"1787170513-100","https://www.gaaraas.com/fr/users/dakar-auto?page=8","2010 Nissan Versa","CFA 2 500 000","120 000 km","Automatique","Dakar"
"1787170513-101","https://www.gaaraas.com/fr/users/dakar-auto?page=8","2005 Renault Scenic","CFA 1 500 000","180 000 km","Manuelle","Dakar"
"1787170513-102","https://www.gaaraas.com/fr/users/dakar-auto?page=8","2006 Renault Megane","CFA 1 800 000","160 000 km","Manuelle","Dakar"
"1787170513-103","https://www.gaaraas.com/fr/users/dakar-auto?page=8","2007 Peugeot 407","CFA 2 600 000","180 000 km","Manuelle","Dakar"
"1787170513-104","https://www.gaaraas.com/fr/users/dakar-auto?page=8","2000 Mercedes‒Benz 190","CFA 2 400 000","160 000 km","Manuelle","Dakar"
"1787170513-105","https://www.gaaraas.com/fr/users/dakar-auto?page=8","2012 Renault Kangoo","CFA 4 500 000","264 127 km","Manuelle","Dakar"
"1787170516-106","https://www.gaaraas.com/fr/users/dakar-auto?page=7","2007 Peugeot 307","CFA 2 100 000","132 000 km","Manuelle","Dakar"
"1787170516-107","https://www.gaaraas.com/fr/users/dakar-auto?page=7","2007 Volkswagen Passat","CFA 1 600 000","120 000 km","Manuelle","Dakar"
"1787170516-108","https://www.gaaraas.com/fr/users/dakar-auto?page=7","2008 Kia Carnival","CFA 2 500 000","160 000 km","Manuelle","Dakar"
"1787170516-109","https://www.gaaraas.com/fr/users/dakar-auto?page=7","2009 Land Rover Range Rover Sport","Négociable","160 000 km","Automatique","Dakar"
"1787170516-110","https://www.gaaraas.com/fr/users/dakar-auto?page=7","2008 Peugeot 307","CFA 3 200 000","128 000 km","Manuelle","Dakar"
"1787170516-111","https://www.gaaraas.com/fr/users/dakar-auto?page=7","2011 Citroen C3","CFA 2 800 000","136 000 km","Manuelle","Dakar"
"1787170516-112","https://www.gaaraas.com/fr/users/dakar-auto?page=7","2013 Chevrolet Sail","CFA 2 200 000","90 000 km","Manuelle","Dakar"
"1787170516-113","https://www.gaaraas.com/fr/users/dakar-auto?page=7","2006 Renault Scenic","CFA 2 300 000","200 000 km","Manuelle","Dakar"
"1787170516-114","https://www.gaaraas.com/fr/users/dakar-auto?page=7","2009 Dacia Sandero","CFA 2 800 000","140 000 km","Manuelle","Dakar"
"1787170516-115","https://www.gaaraas.com/fr/users/dakar-auto?page=7","2006 Citroen C3","CFA 1 500 000","160 000 km","Manuelle","Dakar"
"1787170516-116","https://www.gaaraas.com/fr/users/dakar-auto?page=7","2007 Citroen C3","CFA 2 000 000","180 000 km","Manuelle","Dakar"
"1787170516-117","https://www.gaaraas.com/fr/users/dakar-auto?page=7","2009 Ford Fusion","CFA 2 000 000","144 000 km","Automatique","Dakar"
"1787170516-118","https://www.gaaraas.com/fr/users/dakar-auto?page=7","2007 Renault Laguna","CFA 2 000 000","160 000 km","Manuelle","Dakar"
"1787170516-119","https://www.gaaraas.com/fr/users/dakar-auto?page=7","2009 Nissan Rogue","CFA 5 500 000","160 000 km","Automatique","Dakar"
"1787170516-120","https://www.gaaraas.com/fr/users/dakar-auto?page=7","2011 Ford Edge","CFA 10 000 000","105 000 km","Automatique","Dakar"
"1787170516-121","https://www.gaaraas.com/fr/users/dakar-auto?page=7","2007 Citroen C4","CFA 2 100 000","160 000 km","Manuelle","Dakar"
"1787170516-122","https://www.gaaraas.com/fr/users/dakar-auto?page=7","2012 Skoda Octavia","CFA 3 500 000","147 000 km","Manuelle","Dakar"
"1787170516-123","https://www.gaaraas.com/fr/users/dakar-auto?page=7","2007 Citroen Berlingo","CFA 2 000 000","140 000 km","Manuelle","Dakar"
"1787170516-124","https://www.gaaraas.com/fr/users/dakar-auto?page=7","2008 Citroen Berlingo","CFA 2 300 000","160 000 km","Manuelle","Dakar"
"1787170516-125","https://www.gaaraas.com/fr/users/dakar-auto?page=7","2010 Peugeot 207","CFA 3 200 000","144 410 km","Manuelle","Dakar"
"1787170519-126","https://www.gaaraas.com/fr/users/dakar-auto?page=6","2007 Peugeot 807","CFA 2 800 000","160 000 km","Manuelle","Dakar"
"1787170519-127","https://www.gaaraas.com/fr/users/dakar-auto?page=6","2008 Peugeot 307","CFA 2 800 000","160 000 km","Manuelle","Dakar"
"1787170519-128","https://www.gaaraas.com/fr/users/dakar-auto?page=6","2004 Peugeot 307","CFA 2 700 000","140 000 km","Manuelle","Dakar"
"1787170519-129","https://www.gaaraas.com/fr/users/dakar-auto?page=6","2013 Hyundai Elantra","CFA 6 500 000","66 000 km","Automatique","Dakar"
"1787170519-130","https://www.gaaraas.com/fr/users/dakar-auto?page=6","2002 Peugeot 405","CFA 2 200 000","160 000 km","Manuelle","Dakar"
"1787170519-131","https://www.gaaraas.com/fr/users/dakar-auto?page=6","2007 Peugeot 308","CFA 2 800 000","230 000 km","Manuelle","Dakar"
"1787170519-132","https://www.gaaraas.com/fr/users/dakar-auto?page=6","2008 Citroen C3","CFA 2 100 000","110 000 km","Manuelle","Dakar"
"1787170519-133","https://www.gaaraas.com/fr/users/dakar-auto?page=6","2007 Renault Logan","CFA 2 900 000","160 000 km","Manuelle","Dakar"
"1787170519-134","https://www.gaaraas.com/fr/users/dakar-auto?page=6","2000 Renault 19","CFA 1 800 000","180 000 km","Manuelle","Dakar"
"1787170519-135","https://www.gaaraas.com/fr/users/dakar-auto?page=6","2008 Toyota RAV4","CFA 2 900 000","130 000 km","Manuelle","Dakar"
"1787170519-136","https://www.gaaraas.com/fr/users/dakar-auto?page=6","2007 Peugeot 307","CFA 2 500 000","120 000 km","Automatique","Dakar"
"1787170519-137","https://www.gaaraas.com/fr/users/dakar-auto?page=6","2007 BMW 315","CFA 1 500 000","120 000 km","Manuelle","Dakar"
"1787170519-138","https://www.gaaraas.com/fr/users/dakar-auto?page=6","2010 Jeep Patriot","CFA 3 900 000","140 000 km","Manuelle","Dakar"
"1787170519-139","https://www.gaaraas.com/fr/users/dakar-auto?page=6","2008 Peugeot 206","CFA 2 300 000","164 000 km","Manuelle","Dakar"
"1787170519-140","https://www.gaaraas.com/fr/users/dakar-auto?page=6","2011 Mitsubishi ASX","CFA 6 000 000","94 954 km","Manuelle","Dakar"
"1787170519-141","https://www.gaaraas.com/fr/users/dakar-auto?page=6","2008 Citroen C3","CFA 1 800 000","160 000 km","Manuelle","Dakar"
"1787170519-142","https://www.gaaraas.com/fr/users/dakar-auto?page=6","2009 Mitsubishi L200","CFA 7 800 000","160 000 km","Manuelle","Dakar"
"1787170519-143","https://www.gaaraas.com/fr/users/dakar-auto?page=6","2007 Peugeot 307","CFA 2 400 000","160 000 km","Manuelle","Dakar"
"1787170519-144","https://www.gaaraas.com/fr/users/dakar-auto?page=6","2008 Peugeot 308","CFA 3 300 000","120 000 km","Manuelle","Dakar"
"1787170519-145","https://www.gaaraas.com/fr/users/dakar-auto?page=6","2002 Renault 21","CFA 2 700 000","160 000 km","Manuelle","Dakar"
"1787170522-146","https://www.gaaraas.com/fr/users/dakar-auto?page=5","2007 Peugeot 307","CFA 2 200 000","160 000 km","Manuelle","Dakar"
"1787170522-147","https://www.gaaraas.com/fr/users/dakar-auto?page=5","2005 Renault Megane","CFA 2 000 000","160 000 km","Manuelle","Dakar"
"1787170522-148","https://www.gaaraas.com/fr/users/dakar-auto?page=5","2004 Peugeot 406","CFA 2 000 000","18 000 km","Manuelle","Dakar"
"1787170522-149","https://www.gaaraas.com/fr/users/dakar-auto?page=5","2006 Hyundai Tucson","CFA 3 000 000","164 231 km","Manuelle","Dakar"
"1787170522-150","https://www.gaaraas.com/fr/users/dakar-auto?page=5","2000 Volkswagen Golf","CFA 1 500 000","160 000 km","Manuelle","Dakar"
"1787170522-151","https://www.gaaraas.com/fr/users/dakar-auto?page=5","2008 Peugeot 307","CFA 2 500 000","128 000 km","Manuelle","Dakar"
"1787170522-152","https://www.gaaraas.com/fr/users/dakar-auto?page=5","2005 Toyota Land Cruiser Prado","CFA 3 800 000","130 000 km","Manuelle","Dakar"
"1787170522-153","https://www.gaaraas.com/fr/users/dakar-auto?page=5","2008 Citroen C3","CFA 2 300 000","128 000 km","Manuelle","Dakar"
"1787170522-154","https://www.gaaraas.com/fr/users/dakar-auto?page=5","2008 Peugeot 207","CFA 1 800 000","120 000 km","Manuelle","Dakar"
"1787170522-155","https://www.gaaraas.com/fr/users/dakar-auto?page=5","2011 Hyundai Sonata","CFA 3 500 000","66 000 km","Automatique","Dakar"
"1787170522-156","https://www.gaaraas.com/fr/users/dakar-auto?page=5","2008 Peugeot 307","CFA 3 200 000","140 000 km","Manuelle","Dakar"
"1787170522-157","https://www.gaaraas.com/fr/users/dakar-auto?page=5","2007 SsangYong Kyron","CFA 2 000 000","120 000 km","Automatique","Dakar"
"1787170522-158","https://www.gaaraas.com/fr/users/dakar-auto?page=5","2009 Renault Scenic","CFA 1 300 000","160 000 km","Manuelle","Dakar"
"1787170522-159","https://www.gaaraas.com/fr/users/dakar-auto?page=5","2008 Citroen C5","CFA 2 700 000","130 000 km","Manuelle","Dakar"
"1787170522-160","https://www.gaaraas.com/fr/users/dakar-auto?page=5","2004 Toyota Corolla","CFA 2 700 000","28 752 km","Manuelle","Dakar"
"1787170522-161","https://www.gaaraas.com/fr/users/dakar-auto?page=5","2014 Nissan Qashqai","CFA 7 800 000","63 000 km","Automatique","Dakar"
"1787170522-162","https://www.gaaraas.com/fr/users/dakar-auto?page=5","2012 Nissan Altima","CFA 3 000 000","130 000 km","Automatique","Dakar"
"1787170522-163","https://www.gaaraas.com/fr/users/dakar-auto?page=5","2010 BMW X1","CFA 3 700 000","150 000 km","Automatique","Dakar"
"1787170522-164","https://www.gaaraas.com/fr/users/dakar-auto?page=5","2010 Renault Clio","CFA 2 700 000","120 000 km","Manuelle","Dakar"
"1787170522-165","https://www.gaaraas.com/fr/users/dakar-auto?page=5","2008 Toyota Corolla","CFA 3 300 000","140 000 km","Manuelle","Dakar"
"1787170525-166","https://www.gaaraas.com/fr/users/dakar-auto?page=4","2007 Peugeot 307","CFA 2 300 000","160 000 km","Manuelle","Dakar"
"1787170525-167","https://www.gaaraas.com/fr/users/dakar-auto?page=4","2009 Peugeot 308","CFA 3 300 000","256 730 km","Manuelle","Dakar"
"1787170525-168","https://www.gaaraas.com/fr/users/dakar-auto?page=4","2011 Ford Edge","CFA 9 800 000","80 000 km","Automatique","Dakar"
"1787170525-169","https://www.gaaraas.com/fr/users/dakar-auto?page=4","2007 Volkswagen Passat","CFA 2 000 000","90 000 km","Automatique","Dakar"
"1787170525-170","https://www.gaaraas.com/fr/users/dakar-auto?page=4","2004 Peugeot 605","CFA 2 200 000","160 000 km","Manuelle","Dakar"
"1787170525-171","https://www.gaaraas.com/fr/users/dakar-auto?page=4","2014 Nissan Altima","CFA 2 500 000","110 000 km","Automatique","Dakar"
"1787170525-172","https://www.gaaraas.com/fr/users/dakar-auto?page=4","2004 Renault Clio","CFA 1 900 000","120 000 km","Manuelle","Dakar"
"1787170525-173","https://www.gaaraas.com/fr/users/dakar-auto?page=4","2008 Peugeot 308","CFA 2 500 000","140 000 km","Manuelle","Dakar"
"1787170525-174","https://www.gaaraas.com/fr/users/dakar-auto?page=4","2010 Ford Escape","CFA 6 000 000","180 000 km","Automatique","Dakar"
"1787170525-175","https://www.gaaraas.com/fr/users/dakar-auto?page=4","2006 Renault Megane","CFA 1 600 000","180 000 km","Manuelle","Dakar"
"1787170525-176","https://www.gaaraas.com/fr/users/dakar-auto?page=4","2006 Mitsubishi L200","CFA 7 500 000","160 000 km","Manuelle","Dakar"
"1787170525-177","https://www.gaaraas.com/fr/users/dakar-auto?page=4","2007 Peugeot 307","CFA 2 000 000","160 000 km","Manuelle","Dakar"
"1787170525-178","https://www.gaaraas.com/fr/users/dakar-auto?page=4","2008 Hyundai Getz","CFA 1 800 000","98 000 km","Manuelle","Dakar"
"1787170525-179","https://www.gaaraas.com/fr/users/dakar-auto?page=4","2008 Skoda Octavia","CFA 1 900 000","160 000 km","Manuelle","Dakar"
"1787170525-180","https://www.gaaraas.com/fr/users/dakar-auto?page=4","2008 Nissan Murano","CFA 3 200 000","115 305 km","Automatique","Dakar"
"1787170525-181","https://www.gaaraas.com/fr/users/dakar-auto?page=4","1989 Renault 19","CFA 2 300 000","180 000 km","Manuelle","Dakar"
"1787170525-182","https://www.gaaraas.com/fr/users/dakar-auto?page=4","2008 Hyundai Tucson","CFA 3 400 000","140 000 km","Manuelle","Dakar"
"1787170525-183","https://www.gaaraas.com/fr/users/dakar-auto?page=4","Citroen C3","CFA 1 800 000","220 000 km","Manuelle","Dakar"
"1787170525-184","https://www.gaaraas.com/fr/users/dakar-auto?page=4","2003 Peugeot 406","CFA 2 600 000","160 000 km","Manuelle","Dakar"
"1787170525-185","https://www.gaaraas.com/fr/users/dakar-auto?page=4","2003 Volkswagen Golf","CFA 2 500 000","160 000 km","Manuelle","Dakar"
"1787170529-186","https://www.gaaraas.com/fr/users/dakar-auto?page=3","2006 Volkswagen Passat","CFA 2 500 000","164 686 km","Manuelle","Dakar"
"1787170529-187","https://www.gaaraas.com/fr/users/dakar-auto?page=3","2008 Citroen Berlingo","CFA 3 300 000","214 000 km","Manuelle","Dakar"
"1787170529-188","https://www.gaaraas.com/fr/users/dakar-auto?page=3","2011 Nissan Murano","CFA 2 300 000","188 000 km","Automatique","Dakar"
"1787170529-189","https://www.gaaraas.com/fr/users/dakar-auto?page=3","2011 Toyota Camry","CFA 3 800 000","0 km","Automatique","Dakar"
"1787170529-190","https://www.gaaraas.com/fr/users/dakar-auto?page=3","2011 Ford Escape","CFA 4 000 000","109 400 km","Manuelle","Dakar"
"1787170529-191","https://www.gaaraas.com/fr/users/dakar-auto?page=3","2009 Toyota Aygo","CFA 2 700 000","150 000 km","Manuelle","Dakar"
"1787170529-192","https://www.gaaraas.com/fr/users/dakar-auto?page=3","2011 Honda Elysion","CFA 3 500 000","160 000 km","Automatique","Dakar"
"1787170529-193","https://www.gaaraas.com/fr/users/dakar-auto?page=3","2008 Mitsubishi L200","CFA 7 200 000","160 000 km","Manuelle","Dakar"
"1787170529-194","https://www.gaaraas.com/fr/users/dakar-auto?page=3","2007 Renault Laguna","CFA 2 300 000","84 000 km","Manuelle","Dakar"
"1787170529-195","https://www.gaaraas.com/fr/users/dakar-auto?page=3","2009 Kia Sorento","CFA 3 800 000","140 000 km","Manuelle","Dakar"
"1787170529-196","https://www.gaaraas.com/fr/users/dakar-auto?page=3","2008 Land Rover Range Rover Sport","CFA 6 000 000","130 000 km","Automatique","Dakar"
"1787170529-197","https://www.gaaraas.com/fr/users/dakar-auto?page=3","2002 Peugeot 406","CFA 2 200 000","140 000 km","Manuelle","Dakar"
"1787170529-198","https://www.gaaraas.com/fr/users/dakar-auto?page=3","2010 Kia Soul","CFA 3 500 000","172 900 km","Manuelle","Dakar"
"1787170529-199","https://www.gaaraas.com/fr/users/dakar-auto?page=3","2007 Skoda Fabia","CFA 1 800 000","220 000 km","Manuelle","Dakar"
"1787170529-200","https://www.gaaraas.com/fr/users/dakar-auto?page=3","2007 Peugeot 307","CFA 2 500 000","160 000 km","Manuelle","Dakar"
"1787170529-201","https://www.gaaraas.com/fr/users/dakar-auto?page=3","2007 Peugeot 307","CFA 2 400 000","160 000 km","Manuelle","Dakar"
"1787170529-202","https://www.gaaraas.com/fr/users/dakar-auto?page=3","2007 Peugeot 407","CFA 2 800 000","120 000 km","Manuelle","Dakar"
"1787170529-203","https://www.gaaraas.com/fr/users/dakar-auto?page=3","2009 Peugeot 308","CFA 3 600 000","140 000 km","Manuelle","Dakar"
"1787170529-204","https://www.gaaraas.com/fr/users/dakar-auto?page=3","2004 Mercedes‒Benz 190","CFA 2 200 000","140 000 km","Manuelle","Dakar"
"1787170529-205","https://www.gaaraas.com/fr/users/dakar-auto?page=3","2005 Toyota Auris","CFA 3 500 000","179 315 km","Manuelle","Dakar"
"1787170532-206","https://www.gaaraas.com/fr/users/dakar-auto?page=2","2012 Chevrolet Camaro","CFA 4 000 000","220 000 km","Manuelle","Dakar"
"1787170532-207","https://www.gaaraas.com/fr/users/dakar-auto?page=2","2010 Mazda 6","CFA 4 000 000","182 000 km","Automatique","Dakar"
"1787170532-208","https://www.gaaraas.com/fr/users/dakar-auto?page=2","2000 Peugeot 309","CFA 2 800 000","130 000 km","Manuelle","Dakar"
"1787170532-209","https://www.gaaraas.com/fr/users/dakar-auto?page=2","2006 Ford Focus","CFA 2 150 000","160 000 km","Manuelle","Dakar"
"1787170532-210","https://www.gaaraas.com/fr/users/dakar-auto?page=2","2009 Dacia Logan","CFA 2 200 000","160 000 km","Manuelle","Dakar"
"1787170532-211","https://www.gaaraas.com/fr/users/dakar-auto?page=2","2000 Renault 19","CFA 2 000 000","160 000 km","Manuelle","Dakar"
"1787170532-212","https://www.gaaraas.com/fr/users/dakar-auto?page=2","2010 Dacia Logan","CFA 2 000 000","161 000 km","Manuelle","Dakar"
"1787170532-213","https://www.gaaraas.com/fr/users/dakar-auto?page=2","2006 Citroen C4","CFA 2 200 000","160 000 km","Manuelle","Dakar"
"1787170532-214","https://www.gaaraas.com/fr/users/dakar-auto?page=2","2009 Daewoo Matiz","CFA 3 000 000","120 000 km","Manuelle","Dakar"
"1787170532-215","https://www.gaaraas.com/fr/users/dakar-auto?page=2","2009 Peugeot 308","CFA 2 300 000","311 368 km","Manuelle","Dakar"
"1787170532-216","https://www.gaaraas.com/fr/users/dakar-auto?page=2","2008 Peugeot 307","CFA 1 900 000","160 000 km","Manuelle","Dakar"
"1787170532-217","https://www.gaaraas.com/fr/users/dakar-auto?page=2","2012 Peugeot 308","CFA 3 800 000","103 000 km","Manuelle","Dakar"
"1787170532-218","https://www.gaaraas.com/fr/users/dakar-auto?page=2","2007 Honda Civic","CFA 2 300 000","180 000 km","Automatique","Dakar"
"1787170532-219","https://www.gaaraas.com/fr/users/dakar-auto?page=2","2012 Skoda Octavia","CFA 4 000 000","70 000 km","Manuelle","Dakar"
"1787170532-220","https://www.gaaraas.com/fr/users/dakar-auto?page=2","2007 Peugeot 307","CFA 2 100 000","140 000 km","Manuelle","Dakar"
"1787170532-221","https://www.gaaraas.com/fr/users/dakar-auto?page=2","2006 Renault Megane","CFA 1 700 000","180 000 km","Manuelle","Dakar"
"1787170532-222","https://www.gaaraas.com/fr/users/dakar-auto?page=2","2002 Rover 600","CFA 1 800 000","128 000 km","Manuelle","Dakar"
"1787170532-223","https://www.gaaraas.com/fr/users/dakar-auto?page=2","2002 Renault 19","CFA 2 100 000","160 000 km","Manuelle","Dakar"
"1787170532-224","https://www.gaaraas.com/fr/users/dakar-auto?page=2","2007 Peugeot 307","CFA 2 300 000","210 000 km","Manuelle","Dakar"
"1787170532-225","https://www.gaaraas.com/fr/users/dakar-auto?page=2","2000 Toyota Prado","CFA 4 000 000","140 000 km","Manuelle","Dakar"
"1787170535-226","https://www.gaaraas.com/fr/users/dakar-auto?page=1","2012 Peugeot 207","CFA 3 800 000","142 000 km","Automatique","Dakar"
"1787170535-227","https://www.gaaraas.com/fr/users/dakar-auto?page=1","2009 Hyundai Tucson","CFA 4 000 000","140 000 km","Manuelle","Dakar"
"1787170535-228","https://www.gaaraas.com/fr/users/dakar-auto?page=1","2008 Renault Megane","CFA 1 600 000","160 000 km","Manuelle","Dakar"
"1787170535-229","https://www.gaaraas.com/fr/users/dakar-auto?page=1","2007 Peugeot 307","CFA 2 200 000","160 000 km","Manuelle","Dakar"
"1787170535-230","https://www.gaaraas.com/fr/users/dakar-auto?page=1","2006 Ford Escape","CFA 4 500 000","120 000 km","Automatique","Dakar"
"1787170535-231","https://www.gaaraas.com/fr/users/dakar-auto?page=1","2007 Volkswagen Passat","CFA 2 900 000","265 000 km","Manuelle","Dakar"
"1787170535-232","https://www.gaaraas.com/fr/users/dakar-auto?page=1","2003 Opel Astra","CFA 2 500 000","160 000 km","Manuelle","Dakar"
"1787170535-233","https://www.gaaraas.com/fr/users/dakar-auto?page=1","2014 Ford Focus","CFA 4 500 000","115 000 km","Automatique","Dakar"
"1787170535-234","https://www.gaaraas.com/fr/users/dakar-auto?page=1","2008 Ford Edge","CFA 7 000 000","125 000 km","Automatique","Dakar"
"1787170535-235","https://www.gaaraas.com/fr/users/dakar-auto?page=1","2012 Mitsubishi L200","CFA 11 900 000","116 000 km","Manuelle","Dakar"
"1787170535-236","https://www.gaaraas.com/fr/users/dakar-auto?page=1","2006 Ford Taurus","CFA 3 800 000","200 000 km","Manuelle","Dakar"
"1787170535-237","https://www.gaaraas.com/fr/users/dakar-auto?page=1","2005 Renault Scenic","CFA 2 200 000","140 000 km","Manuelle","Dakar"
"1787170535-238","https://www.gaaraas.com/fr/users/dakar-auto?page=1","2007 Peugeot 307","CFA 2 000 000","160 000 km","Manuelle","Dakar"
"1787170535-239","https://www.gaaraas.com/fr/users/dakar-auto?page=1","2008 Mitsubishi Spacestar","CFA 2 000 000","160 000 km","Manuelle","Dakar"
"1787170535-240","https://www.gaaraas.com/fr/users/dakar-auto?page=1","2008 Citroen C4","CFA 2 100 000","160 000 km","Manuelle","Dakar"
"1787170535-241","https://www.gaaraas.com/fr/users/dakar-auto?page=1","2009 Toyota Camry","CFA 3 500 000","145 000 km","Automatique","Dakar"
"1787170535-242","https://www.gaaraas.com/fr/users/dakar-auto?page=1","2005 Citroen C5","CFA 2 100 000","334 000 km","Manuelle","Dakar"
"1787170535-243","https://www.gaaraas.com/fr/users/dakar-auto?page=1","2008 Peugeot 307","CFA 2 600 000","250 000 km","Manuelle","Dakar"
"1787170535-244","https://www.gaaraas.com/fr/users/dakar-auto?page=1","2008 Hyundai Tucson","CFA 2 600 000","110 000 km","Manuelle","Dakar"
"1787170535-245","https://www.gaaraas.com/fr/users/dakar-auto?page=1","2007 Ford Escort","CFA 2 700 000","174 000 km","Manuelle","Dakar"
